CarrierId;ConnectionId;FlightDate;AirportFrom;AirportTo;DepartureTime;ArrivalTime;Price;CurrencyCode;PlaneType;SeatsMax;SeatsBooked;SeatsFree
LH;0400;2026-10-12;FRA;JFK;10:10:00;12:30:00;666.000;EUR;A340-600;380;372;8
LH;0400;2026-10-13;FRA;JFK;10:10:00;12:30:00;666.000;EUR;A340-600;380;378;2
LH;0400;2026-10-14;FRA;JFK;10:10:00;12:30:00;666.000;EUR;A340-600;380;379;1
LH;0400;2026-10-16;FRA;JFK;10:10:00;12:30:00;666.000;EUR;A340-600;380;300;80
UA;0941;2026-10-12;FRA;JFK;17:05:00;19:40:00;620.000;EUR;767-400;240;237;3
UA;0941;2026-10-13;FRA;JFK;17:05:00;19:40:00;620.000;EUR;767-400;240;240;0
LH;0402;2026-10-12;FRA;EWR;13:30:00;15:35:00;640.000;EUR;A330-300;236;200;36
AA;0017;2026-10-12;JFK;SFO;13:30:00;16:31:00;422.000;USD;747-400;385;380;5
AA;0017;2026-10-13;JFK;SFO;13:30:00;16:31:00;422.000;USD;747-400;385;385;0
