TravelId;BookingId;CustomerId;CarrierId;ConnectionId;FlightDate;FlightPrice;CurrencyCode;BookingStatus;LastChangedAt;LocalLastChangedAt
00000101;0001;000011;LH;0400;2026-10-12;666.000;EUR;B;2026-09-01T08:00:00Z;2026-09-01T08:00:00Z
00000102;0001;000024;LH;0400;2026-10-12;666.000;EUR;B;2026-09-01T08:00:00Z;2026-09-01T08:00:00Z
00000102;0002;000025;LH;0400;2026-10-12;666.000;EUR;B;2026-09-01T08:00:00Z;2026-09-01T08:00:00Z
00000103;0001;000037;LH;0400;2026-10-12;666.000;EUR;B;2026-09-01T08:00:00Z;2026-09-01T08:00:00Z
00000104;0001;000048;LH;0400;2026-10-12;666.000;EUR;B;2026-09-01T08:00:00Z;2026-09-01T08:00:00Z
00000105;0001;000052;LH;0400;2026-10-12;666.000;EUR;B;2026-09-01T08:00:00Z;2026-09-01T08:00:00Z
00000105;0002;000053;LH;0400;2026-10-12;666.000;EUR;B;2026-09-01T08:00:00Z;2026-09-01T08:00:00Z
00000106;0001;000066;LH;0400;2026-10-12;666.000;EUR;B;2026-09-01T08:00:00Z;2026-09-01T08:00:00Z
00000107;0001;000071;LH;0400;2026-10-12;666.000;EUR;X;2026-09-01T08:00:00Z;2026-09-01T08:00:00Z
00000108;0001;000083;LH;0400;2026-10-12;666.000;EUR;B;2026-09-01T08:00:00Z;2026-09-01T08:00:00Z
00000109;0001;000094;AA;0017;2026-10-12;422.000;USD;B;2026-09-01T08:00:00Z;2026-09-01T08:00:00Z
00000110;0001;000105;LH;0402;2026-10-12;640.000;EUR;B;2026-09-01T08:00:00Z;2026-09-01T08:00:00Z
